label,sent
daily reporting and attendance on mob app,Reminder for daily reporting and attendance on mob app daily 9:00 am
let me know,How will you remind me let me know
Not Found,Can u remind me till 11
every day,Call at 9 am every day
13th december,Remind me to bid for flights on 13th december at 6 pm
Not Found,Reminder 11am tomorrorw buy bell for papu
book b tickets tonight by 10 pm,Remind me to book b tickets tonight by 10 pm
masturbate,Can you remind me to masturbate
Not Found,Reminder on invoice preparation
Not Found,1 alarm at 1 30am please. Ignore the 12 20am one
...today,One more reminder....2:00 pm ...today for meeting
Not Found,call sagar @5:30 pm
Not Found,I'm upset vth d reminder service
see. Concert,Remind me to see. Concert at 7pm
Not Found,Remind me again after half an hour
payment and phone,Need a reminder for payment and phone at 2pm
11 am to pack gift for my college sir.,Remind me tomorrow 11 am to pack gift for my college sir.
1st dec to take appointment of those 2 customer,Remind me on 1st dec to take appointment of those 2 customer at sanaswadi
play football at 10 5,Remind me to play football at 10 5
Not Found,Weke up alarm I need morning
print the log sheet out today,Would you remind me to print the log sheet out today
Not Found,Cud u pls set up a recuring reminder
Not Found,Hey thanks for ur reminder
me every Tuesday n Thursday for a meeting,Please remind me every Tuesday n Thursday for a meeting at Chopras\, at 11 am
Not Found,Yes.. I'll surely use it.. When I need u to remind me something! Thank you
Not Found,Make it a everyday schedule
Not Found,What an early reminder?
pray daily,Remind me to pray daily at noon
Not Found,Okk
talking with RICS TODAY AT 11 AM \,,Remind me of talking with RICS TODAY AT 11 AM \,
Not Found,Please set this for complete month
Not Found,1 jan 11.55
take my friend's car for wash on 12th before she comes back,Remind me to take my friend's car for wash on 12th before she comes back
next month 16th for hepatitis B vaccination,Remind me next month 16th for hepatitis B vaccination at 10am
Not Found,hieee
attend reception of Kishor Bhai's Son on 28th November,Remind me to attend reception of Kishor Bhai's Son on 28th November
Not Found,Manali sir reminder aata nhi hai
Not Found,Cancl
Not Found,Thank you Sachin for your reminder...ðŸ˜Š
take print out,Reminder me to take print out
add reminder,I have to add reminder
renew my insurance of car,Remind me to renew my insurance of car on 20/11/2017
Not Found,Can the reminder be for 365 days?
Not Found,Call means what?
Not Found,Hey good morning
gym,Plz remind me to go to the gym at 9am
Not Found,Instead of 5 remind me at 5:30
Not Found,OK Tomo I want a reminder to b set
be set,I want to be set
Not Found,Plz remind ne
what exactly?,Hey thanks. Reminder for what exactly?
remind me to finish Eis audit by 10 January,Hie can u remind me to finish Eis audit by 10 January
dinner,Remaind for dinner at 7:08 on today
any help,It's ok... I'll let you know if I need any help
Not Found,Remind me from daily from today
take a test at 4:30 pm tomorrow.,Please remind me to take a test at 4:30 pm tomorrow.
studying at 3:30 pm,Then remind me for studying at 3:30 pm
do my studies,Remind me to do my studies
Not Found,What is the reminder?
haptik,Tell me something about haptik
at 830 today -,Remind me at 830 today - to carry S C O solution home
Not Found,Basket saaf krni h....remind me on 8 PM tomorrow
bharatiya vidya bhavans clg churchgate,what is the exam timing of bharatiya vidya bhavans clg churchgate for fyba today
Not Found,Reminder me at 9.00 am
meet my boss at around 3pm. So remind me about it at around 12,I want to meet my boss at around 3pm. So remind me about it at around 12
Not Found,Can you call me @ 8106683849
Not Found,Thx for reminder
Not Found,Please remind me after 2 .00 pm for today
watch star gold @9 pm,Remind me to watch star gold @9 pm
Not Found,Need reminder
Not Found,I need to change that reminder
Not Found,Close all the remainder
collect laptop bill NOC from bajaj finance on 10 march,Remind me to collect laptop bill NOC from bajaj finance on 10 march
any reminders active,Do I have any reminders active for me??
Not Found,10:15 am
be present in court for... need to make different reminders,there are legal matters for which i need to be present in court for... need to make different reminders
go to home nd teck beg,Plz remind me go to home nd teck beg
Not Found,Please remind me at 8 am
Not Found,just set a call and notification reminder
Not Found,HI !!! Could you please set an alarm of 6:00 pm
please put my reminder,Can you please put my reminder in notifications of my mobile
please remind me for a vaccination,Can you please remind me for a vaccination at 8:30 pm.
that I have to send my PPF form and details today. Secondly that I need to book my transit flight to Malaysia,Can you remind me that I have to send my PPF form and details today. Secondly that I need to book my transit flight to Malaysia
at,Remind me at 9 \,i gotta take drugs
Not Found,Can u schedule one more for me?
mail to Shailendra by 11 pm today,Pls remind to mail to Shailendra by 11 pm today
me of wrapping the gift for Samiran,Also remind me of wrapping the gift for Samiran at 08:45
Not Found,Setup reminder
10th December,Hi please remind me to go to doctor on 10th December at 12.30
delete all the reminders set till today,I want to delete all the reminders set till today
after 5 days to close the Lynda.com site,Please remind me after 5 days to close the Lynda.com site
everyday at 10pm to brush my teeth nd sleep,Hi. Remind me everyday at 10pm to brush my teeth nd sleep
remember me for tablets,Can u remember me for tablets at 12 at night
Not Found,Can you set me alarms
talk to ZEROGRAVITY ppl,Remind me to talk to ZEROGRAVITY ppl
Not Found,ReMind me
Not Found,And set a snooze for 4:30 am also
Not Found,Ya one more reminder
Not Found,The same u shud remind me every day
get my bike insured at 11 am tommorow,Also remind me to get my bike insured at 11 am tommorow
book bus tickets,Remind me to book bus tickets
Not Found,You can remind me at 3.50am
study at 10:00 pm,Can u remind me to study at 10:00 pm
Not Found,Change the reminder to 8:00 am
Not Found,Remind me booking cover my love
pay Lakshya 500 rupees,Remind me i have to pay Lakshya 500 rupees
Not Found,Reminder me at 7.25
about one more thing?,Can you remind me about one more thing?
do my PE project,Remind me at 11 am to do my PE project
remind me about my Books,Can you remind me about my Books at 9:50 am
finishmy snap registration,Remind me to finishmy snap registration
Not Found,Do I need to enable the reminder gain and again
send a mail to Pooja bajaj at 9 in the night,Remind me to send a mail to Pooja bajaj at 9 in the night
Not Found,And set 2 remainder also
Not Found,Can you set an reminder for me?
remind me of some action items,I would need you to remind me of some action items
NGO,Remind me about NGO
more about haptik,Pls tell me more about haptik
Not Found,8 AM
Not Found,Thanks i received a call
Not Found,Set the schedule
Not Found,Remind me in six months
making a transfer certificate,Another reminder for making a transfer certificate for vihaan
Chitradurga,Business meeting to Chitradurga on 23 Nov 2016
Not Found,Set this reminder on 902109077
buy eggs at 9:11 pm today,Remind me to buy eggs at 9:11 pm today
Not Found,8th may 12 o clock
Not Found,Need to set one more alarm
Not Found,remind about mastrubating
Not Found,Remind me at 9:15p.m. today on 23 december 2016
Not Found,Dint get the reminder last time
Not Found,Hello Gloria!
Not Found,Wish Birthday Name: Rashmitha Date: April 14\, 2017 Time: 11 55 pm
Not Found,10 December
get the box from my friend's place.,This one remind me to get the box from my friend's place.
my leave plan,Remind me for my leave plan for Jan
Not Found,263/pw/10 Pl remind on 6/2/17
tommorow,remind me tommorow to fill my loan application
go outside at 4:00 pm,Just remind me to go outside at 4:00 pm
Not Found,Remind on 22 nov
please remind me about time end of newspaper,Hi can u please remind me about time end of newspaper
Not Found,I need a reminder for November 2017
Not Found,Thanks for this awesome reminder ðŸ˜Š
vedant appointment cardiologist at 11 am on21 november,Remind me of vedant appointment cardiologist at 11 am on21 november
Not Found,Can you tell how to set dnd
wish chiriya,remind me to wish chiriya
attend Yashraj's engagement,Remind me to attend Yashraj's engagement
Not Found,Remind me my lpg Botel booking
buy excel matic today @ 8.00 pm,Remind me to buy excel matic today @ 8.00 pm
attend marriage on 21 January 9 am of Patel at keshavbag party plot,Pls remind me to attend marriage on 21 January 9 am of Patel at keshavbag party plot
Not Found,Can u pls set an alarm for 8 in the morning for tomorrow
7th January at 8 pm for TV program,Remind me on 7th January at 8 pm for TV program
Not Found,Hi Good Morning .. Thanks for this assistance... Yes pls help me out with to do list
Not Found,Old remember and this same
Not Found,Hey can you remind me every 1 hour from 8am to 12 pm everday?
Not Found,Sure i will aftr wkeup call
my college,Remind me to pack for my college by tomorrow 5pm
Not Found,I am done with my schedule
it rectification,Remind me about it rectification
do microbial metabolism at 11am today,Amd please remind me to do microbial metabolism at 11am today
Not Found,Just remind me every 1 of every month
about serahs birth certificate,Today 745 am\, pl remind me about serahs birth certificate
this,tell me about this
Monday's interview with govt of India,Remind me for Monday's interview with govt of India
Not Found,Plz remind me only in afternoon
reminding me ðŸ˜˜ðŸ˜˜ðŸ˜˜,Thank u soooo much for reminding me ðŸ˜˜ðŸ˜˜ðŸ˜˜
do it !,OK ! I am about to do it !
Not Found,Abhi tho remind kiya dhas minute ke pehle ðŸ˜‚
Not Found,Everyday reminder
Not Found,Three alarms
collect diary from shop tomorow at 7.30 pm,Also.. Plz remind me to collect diary from shop tomorow at 7.30 pm
wish mom on 12th dec\, say 8.30 AM,Hey\, could you remind me to wish mom on 12th dec\, say 8.30 AM
recharge,Remind me for recharge
about my bike service to be given on 28 th of thismonth.,Please remind me about my bike service to be given on 28 th of thismonth.
Not Found,Plz remind every year
Not Found,Please set a general reminder every hour .please call
Not Found,Can you Please set a reminder for tomorrow
Not Found,Please set a reminder
Not Found,Can I get two calls?!
deposit 20K in my savings account for recurring deposit on 20th\, please remind,Also I need to deposit 20K in my savings account for recurring deposit on 20th\, please remind me on 19th at 10am
watch channel,Plz set a reminder to watch channel
11th of Jan..1 more to go 4 Amitesh birthday,Hey sis do remind me on 11th of Jan..1 more to go 4 Amitesh birthday
Not Found,Can I plz make this reminder for whole week....
keep blanl cheque,Pl remind today at 8 pm to keep blanl cheque
Not Found,What was my reminder of today 10 am
Not Found,Mere 2no reminder active hai ?
eat egg at 5:45 PM today.,Remind me to eat egg at 5:45 PM today.
can you do this?,Shraddha another one reminder please can you do this?
about today's tasks????,Plz remind me about today's tasks????
Not Found,Ok please send me the reminder
send mail by 10:40 now,Give me a reminder to send mail by 10:40 now
late night thn?,So WL u b available 24x7 means if i set a reminder late night thn?
Not Found,Deactivate reminder
collect collect the brail from the blind school,Remind me to collect collect the brail from the blind school on 14
a call from haptik?,Why i have a call from haptik?
take bath at 12:30 Today,Remind me to take bath at 12:30 Today
pavan cheated upon james,Remind me of pavan cheated upon james
Not Found,Please deactivate all alarms
everyday?,Is it possible to remind me everyday?
Not Found,Can u set reminder for me !
Not Found,Only reminder
please remind me to keep the money in kitchen tomorrow,Could you please remind me to keep the money in kitchen tomorrow at around 10:40am
set,Need another reminder to set
Not Found,Ok thanks for remember
Not Found,Please message me instead of calling
Not Found,18dec 12:00 pm schedule Pintu didi lunch
Not Found,Please tell us about haptik software
Not Found,1.30 pm Reminder: shankar test
this month on other phone and now I have a just changed,There were some of my reminders for this month on other phone and now I have a just changed
Not Found,8.00 am
Not Found,Your reminder is 1 day reminder
Not Found,Alarms after 8 pm also needed
Not Found,This is tomorrow's study schedule
Not Found,Pls make sure all my reminder r with the content
Not Found,thx for reminding
Not Found,Yes.....i want u to remind me that every day
send my wife a gift,Remind me to send my wife a gift
Not Found,Sorry . Got a little late. Will schedule my tasks later.
Not Found,Reminder after 15 min
10th Dec morning 4am to take gold flower's and bro mariage clothes..,Remind me on 10th Dec morning 4am to take gold flower's and bro mariage clothes..
uninstall you,Remind me to uninstall you
check harish's computer.,Also remind me to check harish's computer.
Not Found,Rahulji HI calling at 7pm today 7891044451
Not Found,Can u give a fake call
Not Found,I have got 1 more reminder
Not Found,Thanks for reminding me
Not Found,Reminder Appointment for driving licenses
repair my wife's phone at 10am tomorrow,Please remind me to repair my wife's phone at 10am tomorrow
Not Found,Actually set a alarm for 5 tomorrow morning .
Not Found,Yup! Tysm for reminder...ðŸ˜‡ðŸ˜ƒ
Not Found,Set 10 am to 10 pm
Not Found,Can u like play a song rather than calling
visiting new house,Remind me tomorrow for visiting new house
Not Found,Date: November 21\, 2016 Time: 12 30 PM
Not Found,Sorry please make it 8.45 pm for Reminder
Not Found,Set a reminder at 8 am as well
Not Found,Remind me after another half an hour
check a website in two days,Remind me to check a website in two days
recieve the call??,Sould i have to recieve the call??
Not Found,Can you just send me reminders through SMS?
go to guru Ji,Reminder on Monday at 11 am to go to guru Ji
a call,I need a call at that time
remind,Coll me to remind
Not Found,Can u plz remind me the same tomorrow at 2pm
Not Found,3 reminders please
Not Found,I need an alarm
Not Found,Can you set an alarm at 9 pm
if i have any reminders set?,Can you tell me if i have any reminders set?
Not Found,Plz remind from 8:00 am to 10:00 pm
cal Daya handloom,Also remind me to cal Daya handloom on 16-11-2016 at 11:30am
please remind me tomorrow,Can you please remind me tomorrow at 9pm to start research work
Not Found,Reminder was set up at 6
abt tuition,Remind me abt tuition at 8:15
Not Found,I need to set a reminder
carry shaving kit reminder tomorrow,Shave and carry shaving kit reminder tomorrow at 815 am and again at 830 am
check out Vodafone,Reminder.. In the morning by 9:30a.m to check out Vodafone bill payment
massage,Remind me at 7 pm today for massage
Not Found,Remind me at 8.45 am today
Not Found,Set a reminder for 1.20 pm
about take a test,Remind me about take a test at 9 am
even if iam online,Will you call me even if iam online on haptik
ask ritika for balance confirmation circularisation,Please set a reminder for 5th jan 17 for to ask ritika for balance confirmation circularisation
get some info about dentistry... Tomorrow 11 am,Remind me to get some info about dentistry... Tomorrow 11 am
7 Nov 12pm for Venus payment.,Remind me on 7 Nov 12pm for Venus payment.
diwo today @5pm,Remind me about diwo today @5pm
leave for driving class,Hi. Remind me at 2:45pm today to leave for driving class
Not Found,Set alarm at 6:15am
Not Found,By call??
Thursday and Friday at 7 and 8 pm,Set a reminder on Thursday and Friday at 7 and 8 pm
reminder of reminding chetan sir,Friday evening 6o clock make a reminder of reminding chetan sir for the gift
IAS application form,Reminder me for IAS application form
of sending important message,Hi..remind me of sending important message to my teacher at 4:30pm
cal maruti,Also Reminde me to cal maruti
one thing I'm just lit bit curious about,Tell me one thing I'm just lit bit curious about reminder call..
Not Found,Set reminder for raising travel request
Not Found,Gm
Not Found,I want to set time myself
Not Found,Reminder? For what?
process hyderabad rent payment tomorrow 4pm,Please remind to process hyderabad rent payment tomorrow 4pm
a reminder to catch a flight tomorrow,I want a reminder to catch a flight tomorrow at 6pm
Not Found,Remind me at 12 noon
shop in myntra tomorrow,Remind me to shop in myntra tomorrow
Not Found,Two call with 15 min intervel
tell him abt job preferences at Pune and get advice,Remind me to tell him abt job preferences at Pune and get advice
Not Found,Please would you remind me at 9:40 pm
should be,The reminder should be at 1215
Not Found,Yeah...but can you schedule it from sunfay
Sunday at inox Panajim,Movie schedule for Sunday at inox Panajim
Not Found,I got reminder now
Not Found,Good morning Naqiyya
Not Found,Remind that ppt today 6.00pm
tone,Is there a reminder tone
Not Found,Call Deepak on 9 A.M tomorrow
give money back,Reminder to give money back to vel
Not Found,i want sms reminder every 1 hour 2 min..... from 8:00 pm
Not Found,I want to set up reminder
Not Found,Call me at 6.30am
wish my friend birthday on 10th December,Set me a reminder to wish my friend birthday on 10th December
Not Found,Remind me at 2:30 pm that it's 27%
Not Found,Why general? I need specific reminder with the task discription
go,Remind me to go to movie dangal at 7pm
about,Do you know what to remind me about
Not Found,Could u pls set a reminder for me
message ANIL PIE on 27th morning at 10:00 am,Remind me to message ANIL PIE on 27th morning at 10:00 am
something about u?ðŸ˜œ,Can u tell me something about u?ðŸ˜œ
Not Found,Visit puma store reminder at 630pm today
Not Found,Can you please give a call around 4 .30 pm IST
Not Found,Reminde me aftr 1 hour
internet,Do we need internet for Marvel Future fight.
please remind me for wish my friend for birthday.... today,Could you please remind me for wish my friend for birthday.... today at 9am
Not Found,set a reminder for me
sarkari noukari,Remind me today at 11 pm about sarkari noukari
be reminded about.. I will let you know if I need.,Oh yes! But right now there is nothing that I would like to be reminded about.. I will let you know if I need.
go to Austria on 3 march,Remind me to to go to Austria on 3 march
Not Found,Thank u
Stamlobeta at 9.30 AM\, Ecospirin 150 mg,1/2 tab of Stamlobeta at 9.30 AM\, Ecospirin 150 mg by 2.00 PM and Tonact 40mg by 9.30 PM
Not Found,6am
Not Found,thanks for the remainder
Yusof home on 9.30 am,Remains Me about going to Yusof home on 9.30 am
Not Found,And please remind me at sharp 8:30
Not Found,Ok thnx for reminding me
Not Found,Change my self study remainder from 12:00 pm to 10:15 am
of gng,Remind me of gng to Suhas Arc by 12
have a walk per one hour,Hi samreen remind me to have a walk per one hour
pay lic premium,Please set reminder for 9 pm to pay lic premium
Not Found,Please remind me at 5:45
Not Found,I want the reminder from 10 am till 8 pm in the night at the interval of 1 hour
Not Found,Remind me at 2:42 pm today
Not Found,Reminder fr gym
Not Found,Remind me with notification
Not Found,Wish Birthday Name: Archana Atrawalkar Date: January 23\, 2017 Time: 8 00 am
Not Found,Thnx 2 remind me
calling at vyas classes tomorrow at 10.30 am,Remind me of calling at vyas classes tomorrow at 10.30 am
evening time provide some data,Remind me evening time provide some data to a person
go to see office,Today 7pm remind to go to see office
for,Can you remind me for
book train ticket,Remind me to book train ticket at 1030
Not Found,A reminder a 7 pm as well
Not Found,Add alarm
January 7 for watching sherlock holmes season 4,Could you please remind me for on January 7 for watching sherlock holmes season 4 on axn
get ready,Set a reminder at 1.00 pm to get ready for class
about alto and wagonR,Pleade tell me about alto and wagonR
go to bhagyashrees place @8:20,Remind me to go to bhagyashrees place @8:20
somebody else too on my behalf?,Can u remind somebody else too on my behalf?
"form omkar" at 8:30am tomorrow,Put up a general reminder for "form omkar" at 8:30am tomorrow
Not Found,If I m offline then also u reminds me
reading newspaper loudly,Remind me of reading newspaper loudly
indicate which schedule is this,But how to indicate which schedule is this
Not Found,7:00 am
Not Found,Ring *
Not Found,Yes I would like you to remind me everyday starting from tomorrow
Not Found,Who is better? Sir Dhruneal or Mr. Doshi?
Not Found,How to manage reminders
Not Found,Dismissed schedule.
Not Found,Set reminder for today on 7.20pm
plz remind me for a webinar,Can u plz remind me for a webinar at 4pm today
Sunday 15 Jan birthday party,Reminder for Sunday 15 Jan birthday party for friend 's daughter
Not Found,Set reminder for 9:45am 9:50am\, 9:55 am\, 10:00 am\, 10:05 am tomorrow
Not Found,Will u ring
Not Found,On 2 Jan around 9pm
reminder every Friday by 9:00 pm that I have practicals,I want a reminder every Friday by 9:00 pm that I have practicals on Saturday
email them. Remind me please,Actually I have to email them. Remind me please
Not Found,So how you will remind me.
NRI account.,Remind me at 2.30 pm today for NRI account.
enuf,Sory Sory..unknowingly I pressed it again..jus one reminder is enuf
help me remind my boyfriends birthday whc,Can u help me remind my boyfriends birthday whc is on 22dec
Not Found,Set Alarm from 4:40AM to 5:00AM\, today\, 5 minutes difference
at 11.55am about lenovo fab sell,Remind me at 11.55am about lenovo fab sell on Flipkart
send an email to Raghu tomorrow morning @ 10am,Can you remind me to send an email to Raghu tomorrow morning @ 10am
at 6 am and 6.40 am,Call me at 6 am and 6.40 am on 11 nobember
Not Found,5 am
at 2 pm SBI CC bill payment,Remind me tomorrow at 2 pm SBI CC bill payment
charge battery at 8 am tomorrow,Remind me to charge battery at 8 am tomorrow
Not Found,Thanks...for reminding me
pay rs 3500,Remind me to pay rs 3500 to depak
studying hard. Tell me everytime that I have to be a Good Doctor.,Keep reminding me of studying hard. Tell me everytime that I have to be a Good Doctor.
Not Found,CAn u pls dismiss this reminder
Not Found,Set Alarm from 4:40AM to 5:00AM\, today\, 2 minutes difference
rakesh kumar Jain,Calling tomorrow rakesh kumar Jain at 12:30 pm
fill a forn,Remind me at 9pm today. I need to fill a forn
Not Found,Nope! Thank u for reminding
onthis 9th,Remind me onthis 9th to do recharge
make a presentation by 10am for debreif Spain trip,Remind me to make a presentation by 10am for debreif Spain trip
Not Found,Hi\, pls change the reminders frequency to every 3 hours from the current frequency of 2 hrs
Not Found,I need this reminder every Saturday at the same time
7th Jan at 3 clock,Tata sky recharge remind me on 7th Jan at 3 clock
meet imran,Schedule to meet imran by 9 30pm today
add one more b'day reminder,I want to add one more b'day reminder
Not Found,And what should go on my to-do list?
Not Found,i would like this reminder every day
Not Found,Iam little bit lazy so u can set one more alarm of 8 15am?
Not Found,Call sanjay\, rajesh today by 4 pm
buy book tomorro at 8:00 am,Remind me to buy book tomorro at 8:00 am
Not Found,Would like to set one more reminder
take print out of my flight tickets,Remind me to take print out of my flight tickets
go,Remind me to go to washroom at 3am
Not Found,Remind me in 2:00pm clock
Not Found,For both the reminders
Not Found,I want one reminder
booking of Train ticket today,Plz remind me for booking of Train ticket today at 10:45
getting irrigating,I m getting irrigating from lot of calls from haptik
Not Found,I can remember now by my own
Not Found,Pls set an alarm for 8 am
have sex with my girlfriend in two minutes,Remind me to have sex with my girlfriend in two minutes
work,Remind me at 4pm today to work on education
scooper,Remind me today at 1:40 pm for scooper
Not Found,Morning. Thanks for the reminder....have a great day
cal prof meena,Remind m tom at 11 to cal prof meena
do German assignments tomorrow please ?,Can you remind me to do German assignments tomorrow please ?
Not Found,Remind me at 3 pm
Not Found,Thanks for this call
helpful if you could remind me to leave 45 minutes in advance\, as I am leaving,It would be helpful if you could remind me to leave 45 minutes in advance\, as I am leaving from Gurugram to Saket.
Not Found,Remind me @ 2.30pm today
have!,Thanks... m about to have!
Not Found,Set a reminder of bathing
Not Found,Thanks for the reminder Karan! :)
i have to whatsapp manju aunty,Remind me that i have to whatsapp manju aunty
Not Found,Any alarm tone?
get 2 passport size photo for adhaar work.,Pls remind me to get 2 passport size photo for adhaar work.
Not Found,Do u remember me
Not Found,please remind me after 2 hrs
Not Found,You remind me at 6 pm 4 jan
Not Found,Been busy\, sorry about that.
download the splendid app,Hii remind me to download the splendid app
Not Found,Can you help me with weekly reminders of reading something
Not Found,Remember its really important for me .
10 June 2017 about shilpi birthday,I need a reminder on 10 June 2017 about shilpi birthday
go office at 12. 30 pm tomorrow,Remind me to go office at 12. 30 pm tomorrow
send quote for incastt machines,Can you remind me to send quote for incastt machines
12th Jan 2017,Remind me to go to post office on 12th Jan 2017 at 9 am
Not Found,Please set up 2nd alarm also for me
Not Found,I need repeat alarm in next 5 mins
take the tickets on 18th January 2017 at 3 pm. Thank you.,Remind me to take the tickets on 18th January 2017 at 3 pm. Thank you.
Not Found,Remind me the same in an hour please
Not Found,Set it to till 9 pm
Not Found,Thanks Mahesh for reminder
Not Found,Icon finder reminder still pending on 1st of the month
Not Found,please remind the above tomorrow at same time
Not Found,I need regular to remind me
KEB bill,Remind me for KEB bill
take my food from the fridge tomorrow,Can you remind me to take my food from the fridge tomorrow
Not Found,Set reminder foe 1.45 pm today
Not Found,Tommorow 1 pm Reminder
Not Found,Could you set it till 12 am?
Not Found,Can you please help me create a schedule for the days
Not Found,Set remi der after 10 min
all my remainders to be sent to my new number..is that possible,I changed my number so I need all my remainders to be sent to my new number..is that possible
xrd slot,Set a reminder for xrd slot on friday
Not Found,Can u set a reminder for the 3rd of feb
my,Jai jinendra Thnx shrdha ji for my today schedule
write the question paper in the morning,Remind me to write the question paper in the morning
Not Found,Who kept alarm at this time shardha
pop drawing and vanity drg At 1pm,Hey Ples Remind me pop drawing and vanity drg At 1pm
collect books,Just remind me to collect books at 12:30
collect my marks cards.,Remind me tomorrow to collect my marks cards.
Not Found,Another 2 alarms at 8:00am \, 8:20am also... Plz
very well about ur haptik how to use but when to use i,I know very well about ur haptik how to use but when to use i will decide
bindu,Remind tomorrow at 11 am about talking to bindu n shiv about the customer complaint.
Not Found,make medic reminder at 11.30 am
Not Found,Set an alarm at 7:30 pm today.
I should get ready early tomorrow and go to temple in the morning,Remind me that I should get ready early tomorrow and go to temple in the morning
call @ 8 pm...,Give me a call @ 8 pm...
type report at 9 pm today,Remind me to type report at 9 pm today
Not Found,Can you please adjust the schedule
deposit PPF amount at 3 pm today,Remind me to deposit PPF amount at 3 pm today
Not Found,Plz remind me before every match
Not Found,Can u set this every day
Not Found,Hi
take puneet construction brief,Remind me to take puneet construction brief at 12pm
insurance payment on 15th February,Set reminder for insurance payment on 15th February
go to bank today at 3:00 PM,Remind me to go to bank today at 3:00 PM
Not Found,Can you change my reminders
tommorow,Remind me tommorow in morning about my summer training report file submission
Not Found,Remind me on 18th jan 2 atttend seminar dated 19th jan Thursday
Not Found,Can you change the reminder time for tommorow s meeting to 9.30 ?
buy Gehu today,Remind me to buy Gehu today at 1pm
Not Found,why havent uh called me up for my alarm
take my lab coat at tomorrow morning 8 am,Remind me to take my lab coat at tomorrow morning 8 am
Not Found,Set at 8:30
Not Found,\, Agar Mujhe Pani Peene Ke Liye Koi reminder set karo
Not Found,Kindly reschedule the alarm for 7 am
Not Found,Thankyou for the reminder.
srinath,Call to srinath at 2om
church at 11.30 pm. Create,Tmrw I go to church at 11.30 pm. Create a schedule
13th Jan to meet mr Saboo next day,Remind me on 13th Jan to meet mr Saboo next day
nice day,Yeah can i pick up that call...and will some one please say good morning mick have a nice day
Not Found,ILC remainder
atten alluminai on 3 rd December 9.00 clock am,Can u remember me about to atten alluminai on 3 rd December 9.00 clock am
Not Found,Deactivate all my alarms and reminders.
go driving classes,Set reminder at 6 pm tomorrow to go driving classes
change,Hi.. there is a change in schedule.
Not Found,Dish Tv recharge reminder set karna hai
Not Found,I wana set reminder
pay 9009 to Vasanti textiles tomo,Remind to pay 9009 to Vasanti textiles tomo at 12pm
take a cake home at 7pm today,Remind me to take a cake home at 7pm today
eat every 2.5 hours starting from 8am today?,khushboo could you remind me to eat every 2.5 hours starting from 8am today?
Not Found,Oops need a reminder an hour bfr plz
Not Found,Can you please set me alarm
wish tony stark a happy birthday,Can you remind me today to wish tony stark a happy birthday
my friend,Can you set reminder for my friend
Not Found,Reminder on 14th January 9:00 am
nice song,Ok cn i get a nice song on d call
Not Found,9637521432
Not Found,What reminder?
Not Found,About what?
Not Found,Thanks for reminding all these while
Not Found,Please remind me this Saturday for shopp8ng
Not Found,Please set another reminder
Not Found,make a reminder for me
take a bath today at 10.45 am,Remind me to take a bath today at 10.45 am
Not Found,now set the birthday at 31st dec time 11:55
Not Found,Remind me at 11.52 for session
go to 'blue orange',Remind me to go to 'blue orange'
Not Found,Do you know any thing about karol darwaja delhi market?
Not Found,I had requested that reminder alerts be cancelled now
book flight tickets,Remind to book flight tickets on 1st Dec
Not Found,I want remainder
Not Found,ok so plz remind me evry 2 hours to stay me hydrate
Not Found,You sure I'll get a call?
calling me,Thank you for calling me
Not Found,Can I set a daily remainder?
Not Found,Schedule it for all days of week
Not Found,Postpone the reminder to tomorrow
Not Found,U reminded me late though
Not Found,Set another remainder at 8 45
Not Found,Thanks for the reminder! Happy new year!!!!ðŸ˜ƒ
Not Found,Ok thanks
a reminder For everymonth 5th,Actually I need a reminder For everymonth 5th
asking definite integration,Remind me about asking definite integration
complete the BMS OQ from my side,Also remind me to complete the BMS OQ from my side at 4PM
Not Found,When you are reminding me.
Not Found,When is ankit birthday deepika
Not Found,Hi shruti\,please set an alarm for 5:54 pm today..
Submit IQN,Could you remind to Submit IQN
putting fertilizer in the plants .... 2) 15th of every month,Pl.remind me 1) 1st of every month for putting fertilizer in the plants .... 2) 15th of every month for putting organic pesticide for plants.......
WISH AAHELI ON 18th JANUARY,REMIND ME TO WISH AAHELI ON 18th JANUARY
Not Found,Would you remind one of my friend too?
Not Found,Sir u remember me
make ShopCJ invoice,Remind me to make ShopCJ invoice
Not Found,Keep the reminders alive today. Thanks.
Not Found,Alarm in 2 hours
nitrogen gas filling for car,Remind me nitrogen gas filling for car on 28/11/16 at 9am
remind me,Can you remind me at 9.30Am to do yoga
Not Found,Can u set remainder Sayali for me
take my Vitamin D tablets every Friday\, in the evening.,Remind me to take my Vitamin D tablets every Friday\, in the evening.
call and inform,Will u call and inform at the correct time
Not Found,Wrong reminder coming
about flight,Would you remind me about flight
Not Found,Mam...can you just give me a reminder of tomorrow's tution at 8:15 am
Not Found,Can I set as repeatative?
me tomorrow at around 12 to pick up my things from the shop,Can u remind me tomorrow at around 12 to pick up my things from the shop
Not Found,Hey! Can u remind me in every 2hour
buying bansuri and flag,Today i need an reminder for buying bansuri and flag
play clash royale,Can you save a reminder for me to play clash royale
of meting,Remind me of meting on 27th November
Not Found,How will that reminder be??
Not Found,:)
day,Remind me at 9 pm to day
Not Found,Set alarm for 8o'clock
take a shower at 12 45 pm,Remind me to take a shower at 12 45 pm
Not Found,Can u set an reminder
Not Found,Remind me in the next 30 minutes about the abovesaid task
perder jockey tactel,tomorrow at 11 am remind me to perder jockey tactel
Not Found,Pls change the reminder
1am for shutdown laptop,Please remind me on 1am for shutdown laptop
Not Found,Need a reminder 15mins before pls
Not Found,Add new reminder
Not Found,Plz make my schedule for tmw
Start reading chapter 9 in my book?,Hey \,can you remind me to Start reading chapter 9 in my book?
brush,Please remind me everyday for brush
Not Found,Good morning Pourush
right my diary everyday at 11:55 pm,Can you remind me to right my diary everyday at 11:55 pm
study 7p's & second unit of BE tomorrow,Remind me to study 7p's & second unit of BE tomorrow
ma'am about the class,To remind ma'am about the class on 5th
study reminder daily is it possible,Bro I need study reminder daily is it possible
remind me every year,Todays is Most importent in My life...... Want u to remind me every year
gift a cake,I want to gift a cake to someone
sleep at 4 PM today?,Hey\, can you remind me to sleep at 4 PM today?
Not Found,Reminder today
go at Red Cross at 4:30pm in evening 25/11/2016,Remind me to go at Red Cross at 4:30pm in evening 25/11/2016
me just after 20minutes wat the time is right now,Please set a reminder for me just after 20minutes wat the time is right now
take cet material to cls @ 4,Remind to take cet material to cls @ 4 30 pm
go to photo studio for passport size photo. At 12:00pm today,Can you remind me to go to photo studio for passport size photo. At 12:00pm today
Not Found,Remind me on 12 December
Not Found,Can u remind me that
pay my axis cc bill,Remind me to pay my axis cc bill
Not Found,9327426063
Not Found,Okay..
Not Found,I want reminder every time when I get new Gmail
Not Found,Need an alarm at 7 PM today
walk every 25 mins,Please also remind me to walk every 25 mins
Not Found,For alarm i should on the net
Not Found,You faild to remind me on time\, sad
Not Found,Is daily reminder available?
book tatkal at 11.30 am tomorrow,Please set a reminder for me to book tatkal at 11.30 am tomorrow
connect all my friends list,Can you connect all my friends list from Facebook and remind me accordingly.
Not Found,Thanks for calling!
Not Found,Is there any such facility that you guys keep calling till the time I answer
entire day today,remind me entire day today to register for courses
bring bill book tomorrow,ReMind me to bring bill book tomorrow
remind me d same thing,Can you remind me d same thing at 5:00 pm tomorrow..?
say her to bring her ece copy in the colg,Remind me to say her to bring her ece copy in the colg
Not Found,One more thing can you please remind
other,Please send other reminder details
Not Found,List of reminder
Not Found,To remind me
watch movie,Can you remind me to watch movie
Not Found,Remainder to eat fruit
Not Found,Thanks for remindering me
Not Found,Can you schedule a reminder
give me a reminder at 1.57 for the next Mi shake shake game..,Hey.. Can you give me a reminder at 1.57 for the next Mi shake shake game..
when internet,I get reminder only when internet is ON
Not Found,Once again remind me at 8.35
attend caw 2:45 pm December 15,Remind me to attend caw 2:45 pm December 15
Not Found,Set a reminder for me
call me for the same,How many times you are going to call me for the same
Skype with my friend at 8:30 pm can you please remind,I got to Skype with my friend at 8:30 pm can you please remind me that?
play guitar,Remind me to play guitar
Not Found,How will be the "call"?
Not Found,Bro
remind my wife tmrw to take her vitamin D injection,Can you remind my wife tmrw to take her vitamin D injection at 3 pm
Not Found,I want to make reminder
being pomogranet tody,Reminder 2 being pomogranet tody at 5pm
Not Found,Maybe later..
Not Found,What about
Not Found,I need the reminder between 4 pm to 11 pm
Not Found,Remind me from tomorrow
Not Found,Ping me later jab m home
Not Found,Please end reminder
Not Found,I want reminders all day
carry a ring,About to carry a ring for sivaswamy
Not Found,Details for which reminder?
go,Remind to go for walk n yoga
come at 8 pm today,Remind me to come at 8 pm today
Not Found,Thanq. And remove(delete) all previous wakeup calls. Plz.
Not Found,Remind me too mail up my client
Not Found,Call ficci at 11 00 am tomorrow n thereafter call dme
wish vritz on her birthday which is on 11th november,Remind me to wish vritz on her birthday which is on 11th november
Not Found,Take chakli from sachin reminder
Not Found,About Insurance refund
bring hair oil today,Remind me to bring hair oil today
Not Found,I have a journey tomorrow night please remind me the same in the morning
repair my laptop,Please remind me to repair my laptop on Saturday I.e on 03-Dec-2016 at 9:30 AM
maruti car insurance policy will come,Remind that maruti car insurance policy will come on Monday at 12 Tell dad about it
Not Found,I would like to set to do list reminder
Not Found,I am late to office
Not Found,2 calls
Not Found,Reminder to Marriage ceremony
my recharge,Remind me for my recharge
put in reminders,Need to put in reminders for tom.
by 11 about baerlocher endorsements,Remind me tomorrow by 11 about baerlocher endorsements
today,Remind me today at 1700hr to put fashion designer job requirement
Not Found,Remaind me for every 2 hours
Not Found,I want to set a new reminder
two alarms,Will i have two alarms
Not Found,K. Thank you so much for your remainder
Not Found,Did you set the target?
Not Found,Plz remind me again at 2:30
buy a fill,Remind me at 9Pm to buy a fill for FM-2
Not Found,Tanushree... plz remind me at proper hour
please remind me to charge my phone,Can u please remind me to charge my phone at 3:30pm
know about something,Heyya listen .... I need to know about something
tune the channel of TV @ 9:00pm,Just remind me to tune the channel of TV @ 9:00pm
Not Found,Do I have any reminder for today?
but remind me to go jacking ok,Ya I know but remind me to go jacking ok
Not Found,Please close the reminder
at 9 pm,Remind me at 9 pm today of it return of Nextgen employee
Not Found,7:00
move cupboard today,Remind me to move cupboard today at 9:30pm
Not Found,Will discuss in evening
Not Found,set me an alarm on 8:00am on 28-12-16
hr mantra app,I already told about reminder of hr mantra app
Not Found,Hi gm
go to gym today at 5:34 pm,Remind me to go to gym today at 5:34 pm
application for schedule silent mode n general mode,can you suggest me the application for schedule silent mode n general mode
Not Found,What is the reminder I have set?
Not Found,U haven't called me right???
Not Found,N one more reminder I wanna set for 5:10am 26 december
Not Found,Can you please put this as a reminder for 7th dec 12pm again please
replace my lenses on 19th December,Can you remind me to replace my lenses on 19th December
Not Found,set remider
keep the pass back at 2.00 pm tomorrow (19th November),Remind me to keep the pass back at 2.00 pm tomorrow (19th November)
Not Found,Remind me bro bday at 11am today
economics notes at 2:50PM today,Remind me for economics notes at 2:50PM today
take a book for assinment today at 12:00 pm ok,Remind me to take a book for assinment today at 12:00 pm ok
visiting doctor on 6th December at Park clinic,Set reminder on 5th December for visiting doctor on 6th December at Park clinic
Not Found,Repeat alarm at 8 am please
Friday 10 am about medical bill,And also remain me on Friday 10 am about medical bill
Not Found,Remind me same at 10.40pm today
that i have to do something,At least there should be notification popup because how would i get the reminder that i have to do something
ask simar to do 10 maths questions and learn square root table,Remind me to ask simar to do 10 maths questions and learn square root table
mail the presentation to Bloomberg tomorrow at 11 am,Also remind me to mail the presentation to Bloomberg tomorrow at 11 am
ask muthu,Can u remind me on Monday at 1100 am to ask muthu on confirmation for the training
Not Found,Reminder for ticket booking
write jaasa uncle's 2000 rupees,Remind me tommorow to write jaasa uncle's 2000 rupees at 12 pm
Not Found,Can you remind me for tomorrow
4pm also Medical check up,Set a reminder for 4pm also Medical check up
remoe it,i have problem with 11:58pm reminder please remoe it
Not Found,Reminder for study time
that I need to submit my documents tmw mng,Pls remind me to that I need to submit my documents tmw mng
Not Found,Okay thank you... That will be total 2 reminders is it?
get ioning cloths at 730 pm today evening,Please remind me to get ioning cloths at 730 pm today evening
about buying pen for taran with bill. At 9 am.,Remind me tomorrow about buying pen for taran with bill. At 9 am.
go to dad's shop @ 2:30 pm,Remind me to go to dad's shop @ 2:30 pm
i should go,Tomo evening at 4.30 pm remember me i should go to near basavana bhavan
watch baar bar dekho at 8.00 pm today,remind me to watch baar bar dekho at 8.00 pm today
Not Found,Hello\, when did I ask for this reminder?
do payment of credit card today at 10:10 am,Please remind me to do payment of credit card today at 10:10 am
Not Found,i need a reminder in tamil
open crystals at 1655 hours,please remind me to open crystals at 1655 hours
Not Found,Via call?
Not Found,Edit my reminder
Not Found,Remind me in 12:50pm
Not Found,Add some more reminders
book tickets today,Remind me to book tickets today
my wife birthday,I want to remind to my wife birthday
Not Found,i will stopped reminder...
Not Found,Alert tone?
Not Found,Set me a reminder after 12 minutes
remind me every day that i have punch in,Can u remind me every day that i have punch in at zinger at 9:45 am ??
Not Found,Ya sure you can
Not Found,Everyday
provided number will be out of reach den plz make me a call,If my provided number will be out of reach den plz make me a call on 8804033000
Not Found,Set Alarm from 10:400AM to 10:50AM\, today\, 2 minutes difference
book ticket of partha,Also remind me to book ticket of partha on 3rd Jan at 09:30
24th nov at 3.30 at meet Mr. Oak,Add a reminder on 24th nov at 3.30 at meet Mr. Oak
check mi store,And remind me to check mi store
Not Found,How can i set reminders
change my child name from kanishk to kanishk lodha in birth certificate tell me procedure for Tamil nadu Chennai Wat is easiest way,I want to change my child name from kanishk to kanishk lodha in birth certificate tell me procedure for Tamil nadu Chennai Wat is easiest way
10 Nov\, 2016,Please call.me on 10 Nov\, 2016 at 11 am IST please
remind me to buy smthing,Give a cll to me at 4pm today to remind me to buy smthing
Not Found,Any upcoming events?
Not Found,remind me 9pm
go to parlour for my eyebrows done.ok,Hi\, please remind me tomorrow to go to parlour for my eyebrows done.ok
Not Found,Today I have set a reminder at morning 9 am
Not Found,Thank u for remember me
Not Found,My reminder came late
Not Found,Does haptik send me reminders from a single mobile number?
Not Found,But call on above mention number just said recharge
buy eggs at 6 pm today,Remind me to buy eggs at 6 pm today
Not Found,My reminder of march 18th 2017
Not Found,Cud u make it hydrating reminder frequency by hour
Not Found,I want to set it as yearly reminder
know,Thanks man...i ll let you know in case of any assistance
Not Found,K thks remember with me
Not Found,I said except on sunday I need a daily alarm at 7:05 AM
collect headpone today,Remind me to collect headpone today at 5pm
eat something,Plz remind me to eat something at 7pm
Not Found,Please dismiss all my reminders
make note,Remind me today at 8:00 pm to make note
another phone from this phone?,Can I set reminder for another phone from this phone?
call Vivin,Remind on Monday to call Vivin at 11 am
a general reminder to upload the documents,I also need a general reminder to upload the documents at 11.30 am
me that I have a flight from Chandigarh to Pune tomorrow,Please remind me that I have a flight from Chandigarh to Pune tomorrow at 1430 hours
Not Found,Change the frequency of reminder
Not Found,Alarm same time this morning please?
whenever JEE and Gujcet exam online application starts??,Can you remind me whenever JEE and Gujcet exam online application starts??
Not Found,Whats that reminder for
Not Found,Remind me at 4:20 pm
Not Found,Reminders for every month
best and safe file sharing app,Tell me about best and safe file sharing app
garden,Pls remind for go to garden at 430pm
Not Found,Please do setup reminder
Not Found,Surely\,Thanks. The same will be for the Language Reminder too?
Not Found,How could uhh remind me
Not Found,Second d reminder today 830 pm for the same
Not Found,Remind for RO service
Not Found,Call me immediately
7th Jan 2017,Pls remind on 7th Jan 2017 at 11am for filling hallticket of nmis
purchase of pillows at 5 pm today,Remind me for purchase of pillows at 5 pm today
Not Found,Ok can you schedule the same task for 2:45 pm today
Not Found,Every Saturday at 9 pm
Not Found,I need a reminder
Not Found,Reminder on another number
Lenskart,Remind me about Lenskart
Not Found,Phone call
Not Found,Will u plz set a reminder for me
Not Found,I need a reminder after 56 days
Not Found,Please remind me morrow at 5.15
visit ICICI Bank and boxer,Remind me at 4 pm to visit ICICI Bank and boxer
do the same after an hour please?,Can you remind me to do the same after an hour please?
be connected,Does my phone need to be connected to Internet for reminders?
Not Found,Set an alarm for 9 am today
carry laptop,Give a reminder to carry laptop
every Monday to yuvakender,And remind me to do on every Monday to yuvakender at 9:25pm
Not Found,Set one more reminder for tonight 930pm
Not Found,How will I get a reminder?
sleep at 10.35pm today,can you remaind me to sleep at 10.35pm today
submit my taxes and pay the man all my money,Remind me to submit my taxes and pay the man all my money at 12:24
go to david sassoon library,Remind me to go to david sassoon library at 1.30
Not Found,I wwant to make one more reminder
take interview of Pooja on 7th Dec at 8 P. M.,Remind me to take interview of Pooja on 7th Dec at 8 P. M.
get true copy of agreement tomorrow,Remind me to get true copy of agreement tomorrow
borivali,Remind me on 7 January for visit to borivali for Nagaur got at 3 pm
Not Found,Call me on
Not Found,Please remind me the above
book ticket's for dec end tomorrow ??,Can you remind me to book ticket's for dec end tomorrow ??
Not Found,Thanks for reminder.......
Not Found,Need repeat alarm in next 5 min
follow up with nana at 7 pm today.,Remind me to follow up with nana at 7 pm today.
Not Found,Call me in 7898117441
a reminder,I want a reminder to go to Aziza at 4pm
Not Found,Remind me this at 11 am
3rd dec 2016... to deactivate active fitness pkg,Please remind me on 3rd dec 2016... to deactivate active fitness pkg
at four thorty,Remind me at four thorty to check the cookies
Not Found,Remind me at 3:10 pm today
Not Found,Please remind me after 15 minutes for food
book tickets for nations street food festival 2016,Can you set reminder for 18 December at 9 pm to book tickets for nations street food festival 2016
Not Found,U can remind till 10
Not Found,This reminder for Shivani pathak okk????
Not Found,Set an alarm at 8 am for tomorrow
Not Found,Yes komal go ahead
Not Found,again call me after 10 minutes
reminding me,Yeah thanks for reminding me
call made,Was the call made by you at 12?
Not Found,Please schedule it for everyday
Not Found,Nahi 9:15 Ko Mujhe Remind Karo
that I have math tuition,Remind me that I have math tuition at 2:00pm
Not Found,Also\, remind on Monday thrice
16 Dec at 5 pm for bday of vikas,Remind me on 16 Dec at 5 pm for bday of vikas
Not Found,I want this reminder daily
tomorrow at 1pm to mail my leave application,Please remind me tomorrow at 1pm to mail my leave application
cal ravi kumar,Remind me to cal ravi kumar
go veer hosiery,Remind me at 5pm to go veer hosiery
Not Found,Reminder for electrochemical analysis today 11:30 am
call Jaineel,Make it for 10:30 am to call Jaineel
me each month,OBC loan payment. Remind me each month on 28th at 10:30
Not Found,Thanks for remind me
Not Found,Just tell me how this remainder option works?
schedule all of these please?ðŸ˜ŒðŸ˜Œ,31st Dec 6:45 am 7:00 am 7:10 am Will you schedule all of these please?ðŸ˜ŒðŸ˜Œ
roll num attest tomorrow,Reminder for roll num attest tomorrow at 10 am
book movie tickets today,Remind me to book movie tickets today at 12pm
Not Found,Need to keep reminder
court,16/1/2016 please remind about court in the morning 8am
Not Found,I need a reminder at 5.50 pm sharp.
Not Found,9824671888
pollution check on 10/03/17at 8.45,Remind me for pollution check on 10/03/17at 8.45
Not Found,reminder on friday at 9 am
Not Found,If I uninstall haptic will I get reminders?
Not Found,thanks fr d reminder
paying online for movie tickets,Please remind me for paying online for movie tickets
eat tablets,Remind me to eat tablets
Not Found,Remind me my match
Not Found,One more birthday remainder please
about taj mahal,Could tell me about taj mahal
Not Found,Remind me at 10 o'clock tomorrow
i have to watch movie?,Will you remind me i have to watch movie?
Not Found,Why are nt you calling me
Not Found,9811027464
Not Found,Please set a general reminder for today @ 5:00 p.m.
Not Found,Call me at 8 plZ
Not Found,Remind me at 10 15 am everyday
do list ? Or how,That's good service\, can you send format of to do list ? Or how to prepare to do list ???
shoes g wing and wholesale t & c at 1 pm today and tomorrow both,Remind me for shoes g wing and wholesale t & c at 1 pm today and tomorrow both
9th I arrange a meeting with military staff so please remind me,On this 8th and 9th I arrange a meeting with military staff so please remind me at 9:30 am on those day
Not Found,I wanted to set on more alarm
Jmd var,21 Nov call to Jaini for Jmd var on 10am
Not Found,Can u Mee what was today's reminders of me
Not Found,Can u send automated message(scheduled) to any number
cheque issue,Schedule reminder at 3:10pm today for cheque issue
Not Found,I need a reminder at 11.55 pm January 6th
Not Found,Why there isn't any sound for reminding messages?
Not Found,Please remind me on :720 am
3 reminders a day 1. 11.30 am for salad 2. 1.30 pm for lunch 3. 4 pm for fruits,Hi I need 3 reminders a day 1. 11.30 am for salad 2. 1.30 pm for lunch 3. 4 pm for fruits
submit Power quality analysis report hard copy...,Pls remind me...Tomorrow I have to submit Power quality analysis report hard copy...
Not Found,Remaind me at 11.59 am yaa
Not Found,Ty for all the reminders
Not Found,Put a reminder for me
bring atta from chakki today,Remind me to bring atta from chakki today at 9.30pm
carry my laptop tomorrow morning?,Hey\, can you remind me to carry my laptop tomorrow morning?
Not Found,Can you remind me on my nu.mber 9269504000
have a walk for every one hour in between 10 - 6pm,Remind me to have a walk for every one hour in between 10 - 6pm
Not Found,Yes thx want reminder daily
buying gifts tomorrow for a contest at office may be around at 10:30 am tomorrow,Can u Remind me on buying gifts tomorrow for a contest at office may be around at 10:30 am tomorrow
Not Found,Plz remind m after 5 min
Not Found,Can u setup one reminder as well
take Airtel connection,Hi Daniel...remind me to take Airtel connection
Not Found,that reminder ws 12.30 pm
carry make up box,Remind me to carry make up box
Not Found,Thnqq for reminding me
2ic tomorrow,Call to 2ic tomorrow at 10.30 am
Not Found,Why arw you calling me.
Not Found,Yes.
Not Found,Reminder to pay insurance premium
Raheja Plaza hearing,Remind me Raheja Plaza hearing on 11-1-17 @ 12-30pm
all are still sending me these useless reminders \, what you want ? Should I downgrade your rating of your app or uninstall permanently.? Next reminder & I will do both thing,Guys\, inspite my repeated request you all are still sending me these useless reminders \, what you want ? Should I downgrade your rating of your app or uninstall permanently.? Next reminder & I will do both thing so beware ðŸ‘¿ðŸ‘¿
Not Found,Set a reminder in 18th
according,Remind me according to glasses
change the order to 100kg each,Remind me at 9am in the morning to change the order to 100kg each
Not Found,I did get reminder
Not Found,One reminder for 9th November 00.00 am
Not Found,9829210008
Monday about tax submission by 3 pm,Remind me on Monday about tax submission by 3 pm
Not Found,This was such a small alarm
Not Found,All done madam.. thanks.. fortunately I remembered this
bring my laptop,Can u please remind me to bring my laptop to college on Tuesday
have lunch at 2:30 pm today,Remind me to have lunch at 2:30 pm today
Not Found,Thank u lot for remembering I really appreciate this service
take my cheque book and bring it to office tomorrow,Remind me to take my cheque book and bring it to office tomorrow
Not Found,Hi.. I need reminder for folic acid only on Wednesdays.. Thanks
visit Bsnl office on Monday 07.11.2016 at 13:30 pm,Please remind me to visit Bsnl office on Monday 07.11.2016 at 13:30 pm
Not Found,Reminder at 6
Not Found,Want to set one reminder
Not Found,Oh s
punch,Reminder to punch in biometry
send me this msg detail along with a call that day?,Cool thanku soo much.... can u send me this msg detail along with a call that day?
of a flight,Remind me of a flight to Germany on 13th at 11 am
get the printout for a manual today,Please remind me to get the printout for a manual today at 7.30pm
Not Found,Schedule this for tomorrow
Not Found,I will let you know
Not Found,Afterwards
take deo on 24 th November at 4.45 pm,Can you remind me to take deo on 24 th November at 4.45 pm
Not Found,Sure thanks for reminding
Not Found,Reminder message should be
Not Found,Can you remind me through phone alert?
Not Found,7 am
remember a birthday,I want to remember a birthday
every 30 minutes,Dont't reminder me for every 30 minutes
my cousin bday. At 23:50,Remind me for my cousin bday. At 23:50
same task at 9 pm,Pls remind me on same task at 9 pm
Not Found,Pls set to 10 am to 6 pm only
Not Found,Reminder: management hour at 7:45pm today
Not Found,Can you set a reminder for me
make conference calls,I should be able to make conference calls from my mobile. Can you help?
remind Rutu about training,Remind me to remind Rutu about training
buy a CD,Please remember me I have to buy a CD to tomorrow at 5 p.m.
Not Found,Call me at 12 45 pm
Not Found,Thanks..
Not Found,Thanks for the reminder\, I had now
study\, then it will be much appreciated :p,If u remind me to study\, then it will be much appreciated :p
Not Found,Will i get my 6:30 pm call
Not Found,Where is my call
bring photo,Hey sayali can you please remind me bring photo to college
reminders to my colleagues as well,Hi can I send reminders to my colleagues as well
meeting with subesh sir. Schedule Tht,This Sunday.. Got a meeting with subesh sir. Schedule Tht for me please
book a cab at 6 o clock,Remind me to book a cab at 6 o clock
Not Found,Good morning shreya
Amazon,Tell me something about Amazon
Not Found,Today at 12
2 calls one fr 7.00 am n another,I need 2 calls one fr 7.00 am n another for 7.30 am
Not Found,Make me remind tomorrow
creating my own software for my company for this two weeks. From morning 10am to 6 pm every 2hours once.,Keep remaining me about creating my own software for my company for this two weeks. From morning 10am to 6 pm every 2hours once.
1:30 as i have to study bst,Set reminder for 1:30 as i have to study bst
Not Found,Thanks a lot to remind me
Not Found,Reminder for getting party games organzined
Not Found,Pls set a alarm for 8 Am
Not Found,Call me at 9 am
Not Found,Will u remind me daily
Not Found,Where is aspirin reminder?
download the gs notes today 9:30 Pm,Pleaze remind me to download the gs notes today 9:30 Pm
Not Found,Cud u plz set a reminder for me
have sex,Remind me to have sex at 8pm
Not Found,Can you change my time 2 reminder of 10am to 10pm?
Not Found,But I ddnt get a cl from ur side for this reminder
take a haircut,Remind me to take a haircut on the 25th at 6pm
Not Found,Gayathri 03/01/17 5.10
phone have to be,Does the phone have to be on to get the reminder
Not Found,Yes.. You can remind me every day
Not Found,Can you please set this up
make a list for all rip and repair styles in one folder,Can u pls remind me to make a list for all rip and repair styles in one folder
Not Found,To which number you call?
Not Found,Reminder for journey
collect post office 5 year term deposit.,One more reminder at 11 am tomorrow to collect post office 5 year term deposit.
buy deo\, pet food\, nd grocery,Hi .... please remind me to buy deo\, pet food\, nd grocery
you guys,Nopes i want you guys to make that call
Not Found,Like movie tickets \, cabs \,etc. There must be another option. Like person assistance. Just a suggestion . Think about it.
me,Tomorrow poshan ahar meeting place reminder me at 9 am
about my daughters pajama party,Remind me about my daughters pajama party on 16.12.16
Not Found,Make it a schedule for all week days
collect a frame @ 5,Can u Plz remind me to collect a frame @ 5
s,One more reminder for s for tomo at 9.30 am
Aadhar card,Remind me about Aadhar card
29th November 2016,Remind Saloni about Stacy courier on 29th November 2016 at 11am
Not Found,Set the alarm for 8am everyday
Not Found,Every month of 20th I need remainder
Not Found,Set reminder at 2:30 pm To note down the result of aldol condensation
hear kal ho na ho song,Remind me to hear kal ho na ho song on jan 7 at 3pm
Not Found,Yes remind me every monday to friday
Go for police verification,Remind me to Go for police verification
Not Found,Also schedule the same for 7am and 7:30am too
Not Found,Thnaks
Not Found,Thanks neha. So nice of u
stp all my reminders plz,didi can u stp all my reminders plz
go,Remind me at 15.25 to go to meeting
leave for Vaishali at 4 pm today,Remind me to leave for Vaishali at 4 pm today
Not Found,Please set the alarm for me at 9 clock sharp tomrow
blazer and nehru jacket,Remind messaginf Geet for blazer and nehru jacket at 10.30pm today.
Not Found,Can you set 2 alarms please?
Not Found,I need that reminder daily
Not Found,I want you to remind me on 02472222987
Not Found,Two reminders these are
remind ....I have onenyt stand with my gf tonight ..plz make me remember,Yes make me remind ....I have onenyt stand with my gf tonight ..plz make me remember at 9
weather I talk my admit card \, photo copy and proof of photo identity,My paper is on 19nov 2016 Time 10am Remind me weather I talk my admit card \, photo copy and proof of photo identity
Not Found,Pls make continues reminder
19th Jan about Chitra nakshtra,Please remind me on 19th Jan about Chitra nakshtra
milk every day 5.30 PM.,Want to set reminder for milk every day 5.30 PM.
study,Remember me to study
buy meftal spa in the morning. At around 8.30 am and again remind me at 9 am.,Please remind me to buy meftal spa in the morning. At around 8.30 am and again remind me at 9 am.
pick a bag from friend home,Remind me to pick a bag from friend home
Upload money back challenge report tomorrow morning,Remind me to Upload money back challenge report tomorrow morning
